Q#,Question,Your Answer,Reference,Score/10,Grade,Semantic%,Keyword%,Feedback
1,What is the purpose of the analysis of data?,"The primary purpose of data analysis is to transform raw data into actionable insights, knowledge, and actionable information to drive informed decision-making, uncover patterns, test hypotheses, and predict future trends. It helps organizations and researchers understand past performance (descriptive), determine causes (diagnostic), forecast outcomes (predictive), and optimize actions (prescriptive).","The analysis of data is done in 
the cloud to aggregate the data and make predictions.",4.57,Partial,54.9,28.6,Right direction but missing key terms.
2,What is the foundation of the World Wide Web?,"The foundation of the World Wide Web, invented by Tim Berners-Lee in 1989 at CERN, consists of three core technologies: HTML (HyperText Markup Language) for formatting, HTTP (HyperText Transfer Protocol) for data transfer, and URLs (Uniform Resource Locators) as unique identifiers for locating resources. These allowed linking documents across the internet. ","e HTTP: 
Hypertext Transfer Protocol (HTTP) is the application layer protocol that 
forms the foundation of the World Wide Web (WWW).",6.07,Good,55.8,70.0,Good understanding. Try to be more specific.
3,What are the low-cost and low-speed communication standards for power constrained devices?,"Low-cost, low-speed communication standards for power-constrained devices are designed to transmit small amounts of data over long periods, often allowing devices to run on batteries for 5–10 years. These standards are primarily categorized into Low Power Wide Area Networks (LPWANs) for long-range, and Low-Rate Wireless Personal Area Networks (LR-WPANs) for short-range.","LR-WPAN standards provide 
data rates from 40 Kb/s 250 Kb/s.",4.88,Partial,53.5,40.0,Good understanding. Try to be more specific.
4,What is the purpose of this chapter?,"Organization: Breaks content into smaller, readable, and manageable parts.
Focus: Centers on a single idea, theme, or scene in a larger narrative.
Pacing & Structure: Manages the flow and speed of the narrative, using scenes to build tension.
Learning Progression: Guides the reader through a topic step-by-step.
Contextualization: Connects specific scenes or data to the overall subject or plot.
Engagement: Uses hooks or cliffhangers to encourage continued reading. ","1 - Introduction to Internet of Things 
This Chapter Covers 
e Definition & Characteristics of loT 
e Physical Design of IoT 
| 
@ Logical Design of IoT 
e JoT Enabling Technologies 
e IoT Levels & Deployment Templates 
MODULE 1

20 
Introduction to Internet of Things 
J) eT le 
es 
es a 
ee 
1.1.",0.28,Needs Improvement,4.3,0.0,Off-topic. Re-read the context carefully.
5,What is a new task created from?,"GET requests are generally used to retrieve data (either a list of objects or a single object), POST requests are used to create objects and PUT requests are used to update existing objects.","New 
(create a new task from data 
pee 
provided in the request) 
Generally 
not 
used 
Replace 
the http://example.com/api/tasks/ 
entire collection 
PUT 
Collection URI 
; 
(replace entire collection with 
ee 
ae provided in the request) 
POST 
Element URI 
collection 
http://example.com/api/tasks/1/ 
PUT 
Element URI 
Update 
.",4.01,Partial,41.5,37.5,Good understanding. Try to be more specific.
